first_name,last_name,gender,father_name,email,dob
Gradey,Strover,Male,Gradey Strover,gstrover0@home.pl,10/25/1993
Roseanna,Bestiman,Female,Roseanna Bestiman,rbestiman1@xing.com,12/4/1992
Erskine,Flukes,Male,Erskine Flukes,eflukes2@lycos.com,11/16/1992
Vaughn,Spearett,Male,Vaughn Spearett,vspearett3@list-manage.com,3/23/1993
Jeremias,Garriock,Male,Jeremias Garriock,jgarriock4@g.co,8/1/1993
Martyn,Mochan,Male,Martyn Mochan,mmochan5@ebay.com,6/24/1993
Rafa,Nutt,Female,Rafa Nutt,rnutt6@cdbaby.com,6/11/1993
Hettie,Nutkins,Female,Hettie Nutkins,hnutkins7@topsy.com,6/23/1993
Ariel,Edeson,Female,Ariel Edeson,aedeson8@auda.org.au,3/23/1993
Allianora,Arcase,Female,Allianora Arcase,aarcase9@privacy.gov.au,7/12/1993
Marne,Wasmer,Female,Marne Wasmer,mwasmera@nsw.gov.au,9/21/1993
