first_name,last_name,gender,father_name,email,dob
Max,Ridge,Male,Max Ridge,mridge0@ucoz.ru,5/21/1991
Bartlett,Butterly,Male,Bartlett Butterly,bbutterly1@artisteer.com,8/5/1991
Twila,Robroe,Female,Twila Robroe,trobroe2@list-manage.com,2/2/1991
Sapphira,Le Provost,Female,Sapphira Le Provost,sle3@surveymonkey.com,10/17/1992
Kirsteni,Byrom,Female,Kirsteni Byrom,kbyrom4@pcworld.com,3/29/1991
Zane,Greves,Male,Zane Greves,zgreves5@desdev.cn,3/18/1991
Leonore,Burstow,Female,Leonore Burstow,lburstow6@buzzfeed.com,7/23/1992
Enrique,Erangey,Male,Enrique Erangey,eerangey7@ehow.com,12/9/1990
Antonella,Kennion,Female,Antonella Kennion,akennion8@rambler.ru,4/12/1991
Mandie,Martinson,Female,Mandie Martinson,mmartinson9@bbc.co.uk,8/16/1992
Gearalt,Grinham,Male,Gearalt Grinham,ggrinhama@blogspot.com,11/7/1990
Waylon,Bythell,Male,Waylon Bythell,wbythellb@newyorker.com,11/15/1990
Fredra,Josipovitz,Female,Fredra Josipovitz,fjosipovitzc@ustream.tv,6/9/1992
Jasmine,Ferrant,Female,Jasmine Ferrant,jferrantd@mediafire.com,6/20/1992
Dedie,Oddey,Female,Dedie Oddey,doddeye@smh.com.au,4/8/1992
