first_name,last_name,gender,father_name,email,dob
Lorry,Callam,Female,Lorry Callam,lcallam0@comcast.net,5/13/2000
Cyrill,Brookson,Male,Cyrill Brookson,cbrookson1@cpanel.net,7/30/2000
Cindelyn,Swadlin,Female,Cindelyn Swadlin,cswadlin2@biglobe.ne.jp,8/23/2000
El,Davids,Male,El Davids,edavids3@ed.gov,6/2/2000
Sherline,Hulls,Female,Sherline Hulls,shulls4@printfriendly.com,12/27/1999
Stafford,De Goey,Male,Stafford De Goey,sde5@oracle.com,9/15/2000
Jean,Lockhurst,Non-binary,Jean Lockhurst,jlockhurst6@cloudflare.com,7/24/2000
Dana,Storr,Genderfluid,Dana Storr,dstorr7@skyrock.com,2/10/2000
Barri,Oldis,Male,Barri Oldis,boldis8@bbc.co.uk,12/29/1999
Arluene,Gudger,Female,Arluene Gudger,agudger9@abc.net.au,3/16/2000
Gilburt,Passmore,Male,Gilburt Passmore,gpassmorea@cnbc.com,3/7/2000
Evita,Whittington,Female,Evita Whittington,ewhittingtonb@google.it,12/19/1999
Lonnie,Alliban,Female,Lonnie Alliban,lallibanc@wikia.com,7/4/2000
Brewer,Duffan,Male,Brewer Duffan,bduffand@vinaora.com,10/16/2000
Morey,O'Dempsey,Male,Morey O'Dempsey,modempseye@a8.net,3/11/2000
Rodolfo,Fri,Male,Rodolfo Fri,rfrif@rakuten.co.jp,7/19/2000
