first_name,last_name,gender,father_name,email,dob
Verney,Sapsed,Male,Verney Sapsed,vsapsed0@mlb.com,8/6/1999
Roslyn,Albone,Female,Roslyn Albone,ralbone1@dailymail.co.uk,8/7/1999
Rhody,Nussen,Female,Rhody Nussen,rnussen2@eventbrite.com,7/17/1999
Dawna,Alphege,Female,Dawna Alphege,dalphege3@reverbnation.com,4/17/1999
Darrell,Gilchrest,Male,Darrell Gilchrest,dgilchrest4@example.com,11/11/1998
Hoyt,Abramino,Male,Hoyt Abramino,habramino5@blog.com,1/20/1999
Myer,Peirone,Male,Myer Peirone,mpeirone6@google.co.uk,2/10/1999
Roxanna,Kevlin,Female,Roxanna Kevlin,rkevlin7@about.com,12/15/1998
Adina,Meadowcroft,Non-binary,Adina Meadowcroft,ameadowcroft8@cnet.com,9/25/1999
Elinore,Hagland,Non-binary,Elinore Hagland,ehagland9@sina.com.cn,11/27/1998
Osbourne,Lossman,Male,Osbourne Lossman,olossmana@washingtonpost.com,2/26/1999
Janaya,Kelby,Female,Janaya Kelby,jkelbyb@odnoklassniki.ru,2/16/1999
Tadeas,Exley,Male,Tadeas Exley,texleyc@homestead.com,8/2/1999
Tommi,Busain,Female,Tommi Busain,tbusaind@imgur.com,3/29/1999
Lilah,Basini-Gazzi,Female,Lilah Basini-Gazzi,lbasinigazzie@booking.com,4/11/1999
Alaster,Hulcoop,Male,Alaster Hulcoop,ahulcoopf@phoca.cz,5/7/1999
Eduardo,Dorney,Male,Eduardo Dorney,edorneyg@google.cn,11/15/1998
