first_name,last_name,gender,father_name,email,dob
Adelheid,Falvey,Female,Adelheid Falvey,afalvey0@telegraph.co.uk,4/28/1997
Wanda,Haythornthwaite,Female,Wanda Haythornthwaite,whaythornthwaite1@myspace.com,9/23/1997
Ricki,Danilov,Female,Ricki Danilov,rdanilov2@wufoo.com,4/19/1997
Anderson,Dinjes,Bigender,Anderson Dinjes,adinjes3@histats.com,4/11/1997
Petronella,Lintill,Female,Petronella Lintill,plintill4@tmall.com,6/2/1997
Ferdie,Rosenhaupt,Male,Ferdie Rosenhaupt,frosenhaupt5@ucoz.ru,2/26/1997
Josie,Hawkin,Female,Josie Hawkin,jhawkin6@cocolog-nifty.com,2/10/1997
Krishna,Baltzar,Male,Krishna Baltzar,kbaltzar7@cloudflare.com,5/7/1997
Tim,Wandless,Male,Tim Wandless,twandless8@sbwire.com,12/18/1996
Violet,Shortcliffe,Female,Violet Shortcliffe,vshortcliffe9@de.vu,5/17/1997
Chrissy,McGirr,Female,Chrissy McGirr,cmcgirra@unesco.org,7/5/1997
Kiley,Colhoun,Female,Kiley Colhoun,kcolhounb@ovh.net,1/7/1997
Dimitry,Seakes,Male,Dimitry Seakes,dseakesc@mac.com,1/5/1997
Bing,Nendick,Male,Bing Nendick,bnendickd@nhs.uk,12/30/1996
