first_name,last_name,gender,father_name,email,dob
Michal,Bahia,Female,Michal Bahia,mbahia0@ezinearticles.com,10/24/1996
Anett,Hofler,Female,Anett Hofler,ahofler1@uiuc.edu,6/3/1996
Hy,Baudin,Male,Hy Baudin,hbaudin2@go.com,10/18/1996
Kelsey,Winear,Female,Kelsey Winear,kwinear3@rambler.ru,7/19/1996
Reube,Stolberger,Male,Reube Stolberger,rstolberger4@jigsy.com,4/4/1996
Micky,Behr,Male,Micky Behr,mbehr5@arizona.edu,11/22/1995
Paule,Bruckmann,Genderfluid,Paule Bruckmann,pbruckmann6@barnesandnoble.com,7/23/1996
Hollyanne,Dodworth,Female,Hollyanne Dodworth,hdodworth7@clickbank.net,8/29/1996
Dallon,Chadwick,Male,Dallon Chadwick,dchadwick8@github.com,6/2/1996
Carley,Narrie,Female,Carley Narrie,cnarrie9@pcworld.com,11/5/1995
Celie,Franchyonok,Female,Celie Franchyonok,cfranchyonoka@w3.org,6/8/1996
Shayne,Rosgen,Male,Shayne Rosgen,srosgenb@cocolog-nifty.com,2/23/1996
Shelia,Westby,Female,Shelia Westby,swestbyc@studiopress.com,3/27/1996
Bunni,Anersen,Female,Bunni Anersen,banersend@ustream.tv,12/31/1995
Sterne,O'Noulane,Male,Sterne O'Noulane,sonoulanee@barnesandnoble.com,5/14/1996
