first_name,last_name,gender,father_name,email,dob
Christie,Ert,Female,Christie Ert,cert0@parallels.com,7/29/1995
Geraldine,Croizier,Female,Geraldine Croizier,gcroizier1@miibeian.gov.cn,6/28/1995
Devland,Moyler,Male,Devland Moyler,dmoyler2@sciencedaily.com,2/16/1995
Kaja,Artois,Female,Kaja Artois,kartois3@earthlink.net,10/6/1995
Juliane,Stranio,Female,Juliane Stranio,jstranio4@amazonaws.com,1/23/1995
Seumas,Van Arsdall,Male,Seumas Van Arsdall,svan5@360.cn,1/16/1995
Bert,Cuell,Male,Bert Cuell,bcuell6@dedecms.com,2/19/1995
Patric,Kleeborn,Male,Patric Kleeborn,pkleeborn7@dell.com,8/22/1995
Susanetta,Danslow,Female,Susanetta Danslow,sdanslow8@dot.gov,11/2/1995
Ange,Rubertis,Female,Ange Rubertis,arubertis9@si.edu,4/14/1995
Kerry,Gurry,Female,Kerry Gurry,kgurrya@livejournal.com,4/20/1995
Kim,Bozier,Female,Kim Bozier,kbozierb@tinypic.com,4/13/1995
Jany,Newband,Female,Jany Newband,jnewbandc@homestead.com,10/10/1995
