first_name,last_name,gender,father_name,email,dob
Merrie,Fullagar,Female,Merrie Fullagar,mfullagar0@google.ca,7/25/1994
Neel,Bullers,Male,Neel Bullers,nbullers1@apache.org,8/22/1994
Hadleigh,Ivimy,Male,Hadleigh Ivimy,hivimy2@devhub.com,7/26/1994
Samara,Shawl,Female,Samara Shawl,sshawl3@dot.gov,7/10/1994
Panchito,Durrad,Male,Panchito Durrad,pdurrad4@guardian.co.uk,2/9/1994
Oberon,Piquard,Male,Oberon Piquard,opiquard5@aol.com,2/3/1994
Van,Throughton,Male,Van Throughton,vthroughton6@utexas.edu,12/4/1993
Bernard,Blaszczak,Male,Bernard Blaszczak,bblaszczak7@amazonaws.com,5/11/1994
Care,McKeever,Male,Care McKeever,cmckeever8@reference.com,11/23/1993
Ruben,Hakey,Male,Ruben Hakey,rhakey9@indiatimes.com,2/6/1994
Godwin,Loeber,Genderqueer,Godwin Loeber,gloebera@php.net,11/21/1993
Bonnibelle,Wyllcocks,Agender,Bonnibelle Wyllcocks,bwyllcocksb@163.com,3/24/1994
Peder,Robson,Male,Peder Robson,probsonc@discovery.com,5/18/1994
Morris,Cuppleditch,Male,Morris Cuppleditch,mcuppleditchd@instagram.com,9/3/1994
Yul,Hakes,Male,Yul Hakes,yhakese@lycos.com,8/5/1994
