first_name,last_name,gender,father_name,email,dob
Calvin,Siege,Male,Calvin Siege,csiege0@homestead.com,5/15/2002
Yulma,Prewett,Bigender,Yulma Prewett,yprewett1@arizona.edu,5/16/2002
Gaylene,Heater,Female,Gaylene Heater,gheater2@who.int,5/17/2002
Teri,Hanford,Female,Teri Hanford,thanford3@oakley.com,5/18/2002
Fidel,Rosenkranc,Male,Fidel Rosenkranc,frosenkranc4@bbc.co.uk,5/19/2002
Lek,Lauritzen,Male,Lek Lauritzen,llauritzen5@youku.com,5/20/2002
Jamill,Moralis,Male,Jamill Moralis,jmoralis6@sciencedirect.com,5/21/2002
Darbee,Millis,Male,Darbee Millis,dmillis7@pcworld.com,5/22/2002
Ginnifer,Eglington,Female,Ginnifer Eglington,geglington8@thetimes.co.uk,5/23/2002
Barnard,Fiddyment,Male,Barnard Fiddyment,bfiddyment9@reverbnation.com,5/24/2002
