first_name,last_name,gender,father_name,email,dob
Ealasaid,Smedmore,Genderqueer,Ealasaid Smedmore,esmedmore0@biglobe.ne.jp,6/29/2001
Drud,Sandwick,Male,Drud Sandwick,dsandwick1@boston.com,7/18/2001
Sallyann,Bruckent,Female,Sallyann Bruckent,sbruckent2@ucla.edu,9/27/2001
Archibald,Beggs,Male,Archibald Beggs,abeggs3@netvibes.com,6/15/2001
Mirelle,Westwood,Female,Mirelle Westwood,mwestwood4@cdc.gov,10/25/2001
Jan,Dewdeny,Genderfluid,Jan Dewdeny,jdewdeny5@hubpages.com,7/2/2001
Maureen,Blanshard,Female,Maureen Blanshard,mblanshard6@uiuc.edu,12/8/2000
Othilie,Andreone,Female,Othilie Andreone,oandreone7@patch.com,6/14/2001
Fielding,Tanser,Male,Fielding Tanser,ftanser8@list-manage.com,4/24/2001
Jethro,Ollerton,Male,Jethro Ollerton,jollerton9@dedecms.com,1/27/2001
Nady,Govier,Female,Nady Govier,ngoviera@nymag.com,8/9/2001
Alexio,Beavers,Male,Alexio Beavers,abeaversb@gov.uk,5/17/2001
Alano,Denley,Male,Alano Denley,adenleyc@goo.ne.jp,7/22/2001
Clair,McOmish,Male,Clair McOmish,cmcomishd@acquirethisname.com,1/24/2001
Karita,Merrilees,Female,Karita Merrilees,kmerrileese@csmonitor.com,7/2/2001
Sonny,Takos,Female,Sonny Takos,stakosf@europa.eu,7/1/2001
Killie,Riceards,Male,Killie Riceards,kriceardsg@hp.com,12/18/2000
