first_name,last_name,gender,father_name,email,dob
Josy,Ludwell,Female,Josy Ludwell,jludwell0@dropbox.com,2/4/1991
Virgil,Westnage,Polygender,Virgil Westnage,vwestnage1@reference.com,8/20/1991
Jon,Gooden,Bigender,Jon Gooden,jgooden2@histats.com,1/26/1992
Armstrong,Antonoczyk,Male,Armstrong Antonoczyk,aantonoczyk3@alexa.com,9/20/1992
Allen,Bottelstone,Male,Allen Bottelstone,abottelstone4@nature.com,8/29/1991
Hedda,Tallquist,Female,Hedda Tallquist,htallquist5@networkadvertising.org,12/5/1991
Vince,Giurio,Male,Vince Giurio,vgiurio6@squidoo.com,7/14/1991
Joletta,Menichelli,Female,Joletta Menichelli,jmenichelli7@ed.gov,1/27/1991
Sunshine,Melchior,Female,Sunshine Melchior,smelchior8@huffingtonpost.com,10/20/1992
Hana,Hamprecht,Bigender,Hana Hamprecht,hhamprecht9@cisco.com,3/31/1991
Mohandas,Hallut,Agender,Mohandas Hallut,mhalluta@bloomberg.com,3/22/1991
