first_name,last_name,gender,father_name,email,dob
Ethelred,Burdoun,Male,Ethelred Burdoun,eburdoun0@soundcloud.com,7/11/1992
Steffen,Rimes,Male,Steffen Rimes,srimes1@dot.gov,6/4/1992
Inessa,Hutfield,Female,Inessa Hutfield,ihutfield2@nationalgeographic.com,7/3/1991
Janeva,Lowmass,Female,Janeva Lowmass,jlowmass3@themeforest.net,6/10/1992
Lyndsey,Mendus,Female,Lyndsey Mendus,lmendus4@guardian.co.uk,8/27/1992
Weston,Noden,Male,Weston Noden,wnoden5@mtv.com,3/27/1991
Mariette,Morrilly,Female,Mariette Morrilly,mmorrilly6@ebay.co.uk,6/15/1991
Jethro,Elmhurst,Male,Jethro Elmhurst,jelmhurst7@surveymonkey.com,10/2/1991
Balduin,Staneland,Genderqueer,Balduin Staneland,bstaneland8@answers.com,1/14/1992
Jareb,Spencelayh,Male,Jareb Spencelayh,jspencelayh9@cisco.com,12/16/1991
Kara-lynn,Banaszkiewicz,Female,Kara-lynn Banaszkiewicz,kbanaszkiewicza@smh.com.au,7/3/1991
Chip,Castel,Male,Chip Castel,ccastelb@webs.com,6/27/1991
Elaina,Serginson,Female,Elaina Serginson,eserginsonc@imgur.com,3/19/1992
