first_name,last_name,gender,father_name,email,dob
Nanice,Fairrie,Female,Nanice Fairrie,nfairrie0@china.com.cn,7/24/1992
Sula,Tunn,Female,Sula Tunn,stunn1@friendfeed.com,3/20/1992
Marwin,Jurczak,Male,Marwin Jurczak,mjurczak2@telegraph.co.uk,7/1/1991
Anselma,Carmont,Female,Anselma Carmont,acarmont3@msn.com,6/30/1992
Shay,Cheal,Female,Shay Cheal,scheal4@w3.org,9/11/1991
Brennen,Ramage,Genderfluid,Brennen Ramage,bramage5@thetimes.co.uk,9/1/1991
Powell,Ojeda,Male,Powell Ojeda,pojeda6@sogou.com,5/24/1992
Darill,Norwich,Male,Darill Norwich,dnorwich7@blinklist.com,7/13/1991
Lynelle,Windram,Female,Lynelle Windram,lwindram8@mashable.com,1/24/1991
Chad,Ben,Male,Chad Ben,cben9@freewebs.com,6/12/1992
Vita,Honeyghan,Female,Vita Honeyghan,vhoneyghana@moonfruit.com,2/27/1991
Zeb,Forgan,Male,Zeb Forgan,zforganb@ask.com,3/31/1992
Billy,Leggatt,Male,Billy Leggatt,bleggattc@va.gov,4/26/1992
Paola,McLanaghan,Female,Paola McLanaghan,pmclanaghand@vk.com,1/13/1992
Baily,Cordelle,Male,Baily Cordelle,bcordellee@noaa.gov,11/23/1991
Elsi,Lowin,Female,Elsi Lowin,elowinf@posterous.com,2/14/1991
